Id,twitter,polarity,aspect1,aspect2,aspect3,aspect4
1,"√© genoc√≠dio que chama? Funai recebe r$ 11 milh√µes para proteger ind√≠genas do coronav√≠rus, mas n√£o gasta nenhum centavo - sa√∫de - estad√£o https://t.co/mnueenbwrl",-1,proteger_ind√≠genas,sa√∫de,none,none
2,wilson witzel com coronav√≠rus - recorde de mortes no rj e br- 90% das utis ocupadas em hospital refer√™ncia municipal- 70% das uti ocupadas na rede estadual- hospitais de campanha n√£o est√£o prontos- estudo prev√™ isolamento intermitente at√© 2022vamos levar a s√©rio?,-1,wilson_witzel,utis,hospital_refer√™ncia,hospitais_de_campanha
3,@andretrig diz que a crise do novo coronav√≠rus ficar√° ainda mais grave caso n√£o seja respeitado o isolamento social. as interna√ß√µes deram um salto de 57% nesta ter√ßa-feira. #cbncontraocoronav√≠rus #fiqueemcasa #noarnacbn https://t.co/fnldnt3wbn,-1,novo_coronav√≠rus,isolamento_social,caso,interna√ß√µes
4,metade das amostras das solas de sapatos do pessoal m√©dico que trabalha na uti foi positiva para o novo coronav√≠rus. os pesquisadores conclu√≠ram que o cal√ßado de m√©dicos e enfermeiros tamb√©m podem ser portadores de sars-cov-2 . https://t.co/tpjawmghal https://t.co/n1nqvxueiy,-1,m√©dicos,enfermeiros,pesquisadores,none
5,"@davialcolumbre, presidente do senado, falando contra destinar o fund√£o eleitoral para o combate ao covid-19:esses 2 bilh√µes, do financiamento da democracia, s√£o eles que s√£o fundamentais para o combate ao coronav√≠rus?gastos do minist√©rio da sa√∫de at√© agora: r$12 bilh√µes. https://t.co/vzqmrfjs1u",-1,presidente_do_senado,fund√£o_eleitoral,combate_ao_covid-19,minist√©rio_da_sa√∫de
6,washington post‚Äô diz que @jairbolsonaro √© o pior l√≠der global a lidar com o coronav√≠rus. https://t.co/oyyzumj1re,-1,jair_bolsonaro,l√≠der_global,none,none
7,"o brasil precisa de um plano de est√≠mulo mais agressivo, como o plano marshall foi para a europa ap√≥s a segunda guerra? #coronavirus https://t.co/omp0chfwpr",-1,plano_de_ est√≠mulo,plano_marshall,europa,none
8,"#coronav√≠rus: em araraquara (sp), uma mulher foi presa por descumprir decreto que proibia uso de parques e pra√ßas. ""esse cirquinho de coronav√≠rus que armaram para implantar uma ditadura comunista"", disse ela, antes de ser detida https://t.co/qxn65nr40u",-1,ditadura_comunista,none,none,none
9,conselho de medicina interdita m√©dica que sugeriu ‚Äúsoro anti-coronav√≠rus‚Äù - folha impacto https://t.co/mdcmfatmg6,-1,conselho_de_medicina,soro_anti_coronav√≠rus,none,none
10,"os gestores de todo o pa√≠s v√£o precisa informar o n√∫mero de leitos e quantos est√£o ocupados por pacientes infectados pelo coronav√≠rus. se esses dados n√£o forem repassados, a pol√≠cia federal poder√° fazer uma blitz https://t.co/vteaup5oxq #jornaldarecord #jr24h",-1,n√∫mero_de_leitos,pacientes_infectados,none,none
11,"o brasil apresenta alguns dos melhores √≠ndices de cura do coronav√≠rus. s√£o mais de 55% dos casos, superando pa√≠ses como alemanha (46,9%), espanha (39,9%), fran√ßa (27,8%) e it√°lia (22,8%). fonte: minist√©rio da sa√∫de",-1,√≠ndices_de_cura,minist√©rio_da_sa√∫de,none,none
12,"diagn√≥stico de mortes por coronavirus nos estados golpistas do brasil: tiro de escopeta = coronavirus, atropelamento = coronavirus, infarto = coronavirus, derrame = coronavirus, engasgo = coronavirus, batida de carro = coronavirus, alergia = coronavirus. brasil n√£o √© para amadores.",-1,diagn√≥stico,estados_golpistas,none,none
13,"n√£o h√° vacina. o distanciamento social √© a √∫nica medida para evitar a contamina√ß√£o [por coronav√≠rus] no planeta! n√≥s multiplicamos por dez os casos de covid-19 em 15 dias na ilha de s√£o lu√≠s, diz ",-1,vacina,distanciamento_social,contamina√ß√£o,Covid-19
14,"cometemos um erro, especialmente na lombardia. est√°vamos totalmente focados em aumentar o n√∫mero de leitos em unidades de terapia intensiva‚Äù. agora ele trata as pessoas em casa mais cedo com hidroxicloroquina. https://t.co/betgzx857n",-1,n√∫mero_de_leitos,unidade_de_terapia_intensiva,hidroxicloroquina,none
15,"@blogdonoblat √© o 14¬∞ ano q o partido  (pdt) desse senhor governa o pobre amap√°, antes do coronav√≠rus j√° faltava o b√°sico nos hospitais estaduais como gazes e at√© luvas. ent√£o podemos concluir q est√£o h√° 14anos trocando o pneudo carro com o carro em movimento. quanta incompet√™ncia vc n√£o acha?",-1,amap√°,hospitais_estaduais,none,none
16,@bohngass e o prefeito de caxias est√° internado em hospital particular no rio. est√° com coronavirus. deu na globo ontem.,-1,hospital_particular,rio,none,none
17,"@cherysil_ @antniosilvio3 est√° muito claro o coronav√≠rus foi um engodo muito bem aplicado, com finalidade de roubo de bilh√µes e tentativa de derrubar bolsonaro.",-1,roubo_de_bilh√µes,derrubar_bolsonaro,none,none
18,"@davialcolumbredemagogia √© se fazer de preocupado com o bem do povo e n√£o abrir m√£o da mamata eleitoral!esse dinheiro √© do povo e n√£o de voc√™s, canalhas!fa√ßa numa pesquisa e veja se o povo t√° afim de patrocinar essa mamata!seja homem !https://t.co/cggevbwi2l",-1,mamata_eleitoral,none,none,none
19,"@davilso0 oi, as entregas at√© o momento est√£o normais, porem infelizmente devido a grande pandemia atual que o pa√≠s esta passando, referente ao coronav√≠rus, pode haver oscila√ß√£o nas entregas, devido a redu√ß√£o de frotas, quarentena. havendo duvidas, contate nosso suporte.",-1,redu√ß√£o_de_frotas,quarentena,none,none
20,"@edsonsalomaomc espalham not√≠cias falsas e querem o caos no brasil isto √© outro v√≠rus, o v√≠rus da esquerdopatia, mata tanto, quanto o coronavirus.",-1,not√≠cias_falsas,caos,virus_da_esquerdopatia,none
21,"@energyls a su√©cia, que √© citada em verso e prosa pelo osmar terra, proibiu o uso da cloroquina nos pacientes daquele pa√≠s. n√£o h√° nada confi√°vel e imbat√≠vel diante dessa peste chinesa.https://t.co/iqkymijkk2",-1,su√©cia,cloroquina,peste_chinesa,none
22,@estadaopolitica @jairbolsonaro o banco mundial n√£o acha de todo ruim e at√© citou uma a√ß√£o do governo bolsonaro como exemplo: a redu√ß√£o de burocracia para importa√ß√£o de produtos que combatem o coronav√≠rus.https://t.co/yucte3wtyt https://t.co/3igsbmqmsu,-1,banco_mundial,governo_bolsonaro,redu√ß√£o_da_burocracia_para_importa√ß√£o_de_produtos,none
23,"@evacalina desde h√° 2 dias ?! isto agora mudou imenso... uma variedade de temas, deixou de ser enjoativo, ora v√™: - covid-19 - pandemia- coronavirus- surto- vacina- testes pronto, acho que disse todos, ufa !!! üòõ",-1,Covid-19,pandemia,coronavirus,vacina
24,voc√™ deveria ter vergonha de postar isso. quando quiseram votar pra diminui√ß√£o dos sal√°rios dos servidores e ] pra ajudar a diminuir os gastos nesse tempo de coronavirus vcs votaram contra agora vem com essa de se importar com os mais pobres. me poupe.,-1,diminui√ß√£o_de_sal√°rios,none,none,none
25,"@helobrasileira @adrianosavix @edermauropa @denisesangoi @vlogdolisboa @vlogdolisboanew üò§ em fortaleza a constru√ß√£o de um hospital tempor√°rio no est√°dio presidente vargas com gasto de üí∞80 milh√µes, para eventuais pacientes de coronav√≠rus. obs: e n√£o investe no novo hospital que j√° existe com 200 leitos e fechado. que pa√≠s √© esseüò§ https://t.co/yvvhlxty52",-1,hospital_tempor√°rio,pacientes,leitos,none
26,"deputada, a √∫nica op√ß√£o r√°pida √© realmente a ren√∫ncia do presidente? juridicamente nada pode ser feito? a conta pra esse sociopata s√≥ vai chegar com a avalanche de cad√°veres? o brasil n√£o merece esse lixo de pr https://t.co/7dc2lipufc",-1,ren√∫ncia_do_presidente,avalanche_de_cad√°veres,none,none
27,"ah, lacrou? vc est√° enganado, ele previu sim 1 milh√£o de mortes at√© agosto. espero que voc√™ passe a pesquisar o b√°sico no google na pr√≥xima postage,evitando assim a vergonha que passa. https://t.co/a6xfzwwyx8",-1,mortes,none,none,none
28,eu a d o r o o ar professoral com que o asno @osmarterra ensina o burrico @bolsonarosp . t√° sabendo mais do que as autoridades sobre a curva. esqueceu s√≥ q n√£o se sabe se o #coronavirus faz o corpo criar anticorpos e os bolsominions saem falando como se sim.,-1,curva,anticorpos,none,none
29,prevendo o pico do coronav√≠rus √© igual pedreiro prevendo o final da obra. #mandettademitido #mandettagenocida #covid_19,-1,pico,none,none,none
30,que bagun√ßa... jair bolsonaro mata mais que o coronav√≠rus. queria estar surpreso,-1,jair_bolsonaro,none,none,none
31,e as mortes? e os casos que ainda tem? mas para aquele senhor √© s√≥ uma gripezinha https://t.co/tawf4yx67q,-1,mortes,casos,gripezinha,none
32,"em ivoti todo mundo vai ter coronav√≠rus, academias abrindo hoje. com√©rcio aberto desde fim de semana j√°",-1,com√©rcio,none,none,none
33,"em um pa√≠s s√©rio ele seria preso, processado, julgado e condenado, bolsonaro trouxe o coronav√≠rus no aerovid-19 (aerococa), pegou o resultado por duas vezes testando positivo e fez quest√£o de disseminar a doen√ßa em bras√≠lia. Pa√≠s n√£o s√©rio: o aras comandando a pgr arquivaria.",-1,bolsonaro,Aerovid-19,none,none
34,o governo estadual de sp errou feio sobre a quantidade de mortes por coronav√≠rus!!!√© necess√°rio revermos urgentemente as atuais regras estabelecendo metas para a flexibiliza√ß√£o e o t√©rmino da suspens√£o da atividade das empresas e com√©rcio!#bolsonarotemraz√£osim https://t.co/6mxetlitq7,-1,governo,sp,mortes,none
35,s√≥ lembrando que o v√≠rus que provoca o resfriado comum tamb√©m √© do tipo coronavirus.,-1,v√≠rus,none,none,none
36,"quando a hist√≥ria do coronavirus for contada, saberemos que os comunistas, tentaram de todas as formas quebrar a economia mundial e implantar um regime socialista.",-1,comunistas,regime_socialista,none,none
37,"eu sei que praga n√£o vale e n√£o pega, m√°s como eu gostaria de ver voc√™ pegar o coronav√≠rus e ter que falar pro medico que n√£o quer que use o cloroquina, ahh, m√°s os rep√≥rteres e apresentadores da esquerda s√£o imunes. como voc√™ pode ser t√£o vadia.",-1,m√©dico,cloroquina,none,none
38,"voc√™ √© t√£o mentiroso que ningu√©m consegue acreditar em uma palavra de que diz, nem que esteja com coronavirus. mas, √© um sinal que essa quarentena √© uma farsa. Aproveita e ren√∫ncia canalha! #impeachmentdowitzel #witzelditador",-1,quarentena,none,none,none
39,"#bolsonarotemrazao v√£o vendo... alguns governantes, ferrenhos defensores do isolamento, est√£o sendo infectados pelo coronav√≠rus, mas o presidente jair bolsonaro que, segundo a imprensa vermelha, vive sa√ßaricando por a√≠ est√° mais tranquilo que ‚Äú√°gua de po√ßo‚Äù!!!",-1,governantes,none,,imprensa_vermelha
40,"#bomdiabrasil a globo est√° desde as 4 da manh√£ falando a mesma coisa. parece que n√£o h√° outro assunto a n√£o ser coronav√≠rus. que saco! s√≥ tocam o terror o dia todo. parece que torcem pelo pior. essa ana paula fala com um despe√ßo, nojo de tudo. ningu√©m quer saber a opini√£o dela",-1,globo,none,none,none
41,#coronav√≠rus | protocolo da vigil√¢ncia sanit√°ria sobre o descarte do lixo domiciliar em casos positivos para covid-19 em quarentena domiciliar. https://t.co/5lkcf48ofn https://t.co/zqvkasqo9y,-1,vigil√¢ncia_sanit√°ria,lixo_domiciliar,casos,quarentena_domiciliar
42,#coronav√≠rus: bolsonaro √© eleito o pior l√≠der a lidar com o coronav√≠rus https://t.co/ifqhult22h,-1,bolsonaro,none,none,none
43,"#coronav√≠rus: os estados unidos registraram 2.228 mortes nessa ter√ßa-feira (14/04) provocadas pelo novo coronav√≠rus. o n√∫mero foi apresentado √†s 21h30, em contagem feita pela universidade johns hopkins. agora, o pa√≠s tem pouco mais de 26 mil mortes https://t.co/qcg7yms8hi",-1,estados_unidos,mortes,novo_coronav√≠rus,none
44,"#covid19| n√£o h√° risco de desabastecimento no pa√≠s, garante o ministro @tarcisiogdf, @minfraestrutura, em entrevista exclusiva √† tv brasil üì∫ #coronavirus https://t.co/fwgdgcq1rn",-1,risco_de_desabastecimento,none,none,none
45,"#covid19pt #a√ßores 15/04, 11h55: a√ßores registam 5¬∫ √≥bito por coronav√≠rus, https://t.co/qllpj6wa7v",-1,√≥bito,none,none,none
46,#mandetta at√© durou muito no governo nefasto e fascist√≥ide do #bozo - certamente entrar√° um pau mandado que ir√° ser subserviente ao discurso anti-vida do covidiota maior da na√ß√£o. #coronavirus #covid2019 #pandemia #bozocaladopoeta https://t.co/iw6gwkiwh0,-1,governo,none,none,none
47,‚òÄ #bomdia#democracia #divulgueaverdade #carapicuibasp #saude üíâ #coronavirus #maismedicos #defendaosusüáßüá∑ por zezinho almeida - enrolando o lero. bolsonaro incompetente e mandeta sem planejamento v√£o empurrando com a barriga testagem? aumentar leitos? respiradores ? https://t.co/0rotuoci3z,-1,bolsonaro,testagem,respiradores,none
48,‚û° m√©dicos preveem que brasil n√£o volta √† normalidade antes de agosto tanto o minist√©rio da sa√∫de quanto especialistas ouvidos pelo uol esperam que a situa√ß√£o do coronav√≠rus piore cada vez mais at√© o m√™s de junho.segue o fio para entender melhor! üëá https://t.co/mjlyk0h2ru,-1,m√©dicos,brasil,minist√©rio_da_sa√∫de,none
49,üåü maranh√£o n√£o registra mortes por coronav√≠rus pela primeira vez em 12 dias https://t.co/dcn0tnmaaq,-1,maranh√£o,mortes,none,none
50,"üíäüîé tr√™s farm√°cias no leblon foram inspecionadas na segunda-feira (13) por agentes da @visa_rio, ap√≥s den√∫ncias de comercializa√ß√£o de testes r√°pidos para o novo #coronavirus. na a√ß√£o, n√£o foi constatada a venda do produto, restrita a unidades hospitalares. #riocontraocorona https://t.co/lofchrrmoa",-1,comercializa√ß√£o_de_testes_r√°pidos,unidades_hospitalares,none,none
51,üî¥ coronav√≠rusneste momento os estados unidos se tornam o pa√≠s com mais mortes e mais casos de #coronav√≠rus. o pa√≠s mais rico e poderoso do planeta agora √© o epicentro da pandemia,-1,estados_unidos,mortes,epicentro_da_pandemia,none
52,üî¥ urgente n√∫mero de casos confirmados de #coronav√≠rus no mundo chega a 2 milh√µes,-1,casos_confirmados,none,none,none
53,üî¥ urgente casos confirmados de #coronav√≠rus no mundo chegam a 2 milh√µes,-1,casos_confirmados,none,none,none
54,"o coronav√≠rus n√£o foi criado como arma biol√≥gica, mas psicol√≥gica. n√£o para espalhar mortes, mas para espalhar o medo. mas n√£o tenho d√∫vidas de que, para o caso de falhar essa estrat√©gia, uma pandemia de verdade j√° esteja em prepara√ß√£o.",-1,arma_biol√≥gica,mortes,pandemia,none
55,"a atividade humana desacelerou no mundo todo devido ao surto de coronav√≠rus, mas a extra√ß√£o ilegal de madeira e grilagem de terras na floresta amaz√¥nica n√£o mostra sinais de diminui√ß√£o https://t.co/jxwzajvwjl",-1,surto_de_coronav√≠rus,none,none,none
56,"a capital amazonense ser√° a primeira a receber volunt√°rios da sa√∫de do programa ‚Äúo brasil conta comigo‚Äù. estudantes de medicina, enfermagem, fisioterapia e farm√°cia atuar√£o no combate ao coronav√≠rus. tamb√©m haver√° o apoio da tele-uti para auxiliar no atendimento dos casos.",-1,tele-uti,casos,none,none
57,"a crise sanit√°ria desencadeada pelo coronav√≠rus no mundo mostra a import√¢ncia de um sistema de sa√∫de inclusivo e universal no brasil. gra√ßas aos investimentos robustos feitos pelos governos lula e dilma na sa√∫de, o pa√≠s tem condi√ß√µes de passar pela fase aguda da doen√ßa.",-1,crise_sanit√°ria,sistema_de_sa√∫de,doen√ßa,none
58,"a empres√°ria samanta santos faria, de 35 anos, morreu no √∫ltimo dia 23 v√≠tima da covid-19. o resultado do exame para o novo coronav√≠rus s√≥ ficou pronto na sexta-feira (10), 16 dias ap√≥s sua morte https://t.co/s7hlicr1k0",-1,Covid-19,none,none,none
59,a equipe do deputado @genpeternelli fez um levantamento de todas as a√ß√µes divulgadas pelo governo de combate ao alastramento do #coronavirus. saiba quais no link:https://t.co/h432aawfcj https://t.co/h432aawfcj,-1,combate,alastramento,none,none
60,a falta de confian√ßa do governo federal nas a√ß√µes de todos os governantes do pa√≠s no enfrentamento do coronav√≠rus torna essa batalha ainda mais dif√≠cil. n√£o √© poss√≠vel que a essa altura do campeonato os governadores e prefeitos continuem a ser vistos como inimigos.,-1,governo_federal,governantes_do_pa√≠s,enfrentamento,none
61,a falta de testes para o coronav√≠rus no brasil favorece a campanha fantasiosa de bolsonaro de que o v√≠rus ‚Äòest√° indo embora‚Äô. a subnotifica√ß√£o de casos amplia a falsa sensa√ß√£o de que a epidemia n√£o √© t√£o grave e de que o isolamento seria desnecess√°rio. https://t.co/4mg9i0pfep,-1,falta_de_testes,brasil,none,subnotifica√ß√£o
62,"a globo quer o aumento de mortos por coronavirus desesperadamente!est√£o fazendo reportagens dizendo que muitos morrem e n√£o dizem que foi coronavirus, quando as den√∫ncias s√£o bem ao contr√°rio...a cloroquina t√° salvando milhares pelo mundo. Chorem, urubus...@jairbolsonaro",-1,a_globo,mortos,cloroquina,
63,a imprensa n√£o d√° nenhuma not√≠cia boa sobre coronav√≠rus. sabe por qu√™? a quest√£o √© bolsonaro. assista! https://t.co/oo4lopfgdb,-1,imprensa,bolsonaro,none,none
64,"√† medida que o mundo combate a pandemia de #covid19, secret√°rio-geral das @nacoesunidas alertou para uma ‚Äúepidemia‚Äù paralela. Segundo @antonioguterres, existe uma ‚Äúperigosa epidemia de desinforma√ß√£o‚Äù que amea√ßa o enfrentamento ao novo #coronav√≠rus.üîò https://t.co/wlpoxjx4yb https://t.co/5xcwbfxtak",-1,combate_a_pandemia,na√ß√µes_unidas,epidemia,desinforma√ß√£o
65,"a organiza√ß√£o mundial da sa√∫de impediu os m√©dicos de exortar os pa√≠ses a impor controles nas fronteiras para impedir a propaga√ß√£o do coronav√≠rus, foi revelado. esque√ßa apenas os cortes de financiamento, precisamos de investiga√ß√µes e demiss√µes. https://t.co/tpb9ytbzup",-1,organiza√ß√£o_mundial_da_sa√∫de,controle_nas_fronteiras,propaga√ß√£o,none
66,"a pauta de stories sobre influenza e coronav√≠rus est√° pronta, mas a fadiga de postar √© maior que tudo. n√£o aguento mais esse inferno de v√≠rus chin√™s! que saco, caralho! que √≥dio!",-1,v√≠rus_chin√™s,,,
67,"a pedido de bolsonaro, ex√©rcito j√° fez 2,2 milh√µes de comprimidos de cloroquina e vai ampliar produ√ß√£o. minist√©rio da sa√∫de tem dito que n√£o h√° estudo cient√≠fico que comprove a√ß√£o contra o coronav√≠rus (via @folhapainel) https://t.co/ujwrfeey31",-1,comprimidos_de_cloroquina,minist√©rio_da_sa√∫de,a√ß√£o_contra_coronav√≠rus,bolsonaro
68,"a quantidade de pessoas que come√ßa a sair da toca para desvalorizar as mortes do coronav√≠rus, sugerindo que mais importante do que a vida das pessoas √© a economia, prova que estaline ainda √© actual: a morte de uma pessoa √© uma trag√©dia, de milh√µes, estat√≠stica.",-1,desvalorizar_as_mortes,none,none,none
69,a saga da primeira pessoa do mundo a esconder um exame de coronavirus que deu negativo continua https://t.co/j2iczkftvq,-1,exame_de_coronavirus,none,none,none
70,a verdade por tr√°s dos n√∫meros do coronav√≠rus que a imprensa brasileira esconde do povo. assista e divulgue! https://t.co/oo4lopfgdb,-1,n√∫meros_do_coronav√≠rus,imprensa_brasileira,none,none
71,advogada alem√£ tinha virado √≠cone em c√≠rculos que minimizam coronav√≠rus ao convocar protesto e apresentar a√ß√µes judiciais contra medidas de isolamento. autoridades afirmam que ela foi internada ap√≥s agir de maneira confusa na rua e agredir policial https://t.co/71jdmgysci,-1,medidas_de_isolamento,none,none,none
72,"ainda n√£o entendeu?com press√£o interna e mais de mil mortos por coronav√≠rus, su√©cia discute bloqueios https://t.co/qy0zzga1ya",-1,su√©cia,mortos,none,none
73,alcolumbre disse que transferir o fund√£o para o combate ao coronav√≠rus √© demagogia. falou ainda que est√° defendendo a democracia. o fundo especial de financiamento de campanha foi criado em 2017. antes disso n√£o havia democracia?,-1,combate_ao_coronav√≠rus,none,none,none
74,"algu√©m sabe explicar porque wilson witzel (rj) e helder barbalho (pa), dois governadores totalmente comprometidos com a quarentena horizontal foram contaminados pelo coronav√≠rus? por acaso eles n√£o seguiram as orienta√ß√µes?",-1,quarentena_horizontal,contaminados,helder_barbalho ,none
75,"ao inv√©s de priorizar o enfrentamento ao coronav√≠rus, deputados ligados a grandes grupos econ√¥micos aprovam a mp 905, uma nova reforma trabalhista em plena pandemia.https://t.co/kr2nfcdxux",-1,mp9none5,none,enfrentamento_ao_coronavirus,
76,"apenas* 2.000.000 de casos identificados de coronavirus (*0,03% da pop.) foram suficientes para os sistemas de sa√∫de do mundo chegarem perto do colapso com a falta de leitos, at√© nos pa√≠ses desenvolvidos. #fiqueemcasa n√£o sou s√≥ uma gripezinha . Mais infos: https://t.co/rjyhuvykxw https://t.co/zip4oxmkdo",-1,casos_identificados,sistema_de_sa√∫de,falta_de_leitos,gripezinha
77,"aquele que passeia sem necessidade por estabelecimentos, descumpre as recomenda√ß√µes que todos seguem e passa a m√£o no nariz antes de cumprimentar seu gado, n√£o ter√° seu resultado do seu teste para o coronav√≠rus divulgado.lembrando que: quem n√£o deve n√£o teme. https://t.co/jym266cdyh",-1,teste,none,none,none
78,"as mulheres morrem em casa. h√° um surto de feminic√≠dios como sombra da pandemia de covid-19. trancadas √† casa com o agressor, elas morrem pelas mazelas do mundo que afetam a masculinidade, como alcoolismo e desemprego https://t.co/ggv32r0tk3",-1,surto_de_feminicidios,pandemia,Covid-19,none
79,assessor de prefeito de campinas √© envolvido em roubo de testes para covid-19 https://t.co/2edz5cvux3,-1,prefeito,roubo_de_testes,Covid-19,campinas
80,gente o nome da doen√ßa √© COVID-19 n√£o √© convide 19 pessoas para a sua casa,-1,Covid-19,none,none,none
81,"assisti o v√≠deo de uma vitima de coronav√≠rus no amap√° que n√£o pode ser velada e a m√£e de 91 anos, pediu pra pelo menos passarem com o carro da funer√°ria em frente a casa dele pra se despedirde partir o cora√ß√£on√£o √© s√≥ uma gripezinha.",-1,v√≠tima,amapa,gripezinha,none
82,"at√© 2018, tudo que ocorria no brasil era culpa do presidente. a partir de 2019, o chefe de governo se tornou um inimput√°vel que n√£o tem responsabilidade por nada. √© muita falta de vergonha. #bolsonaro #coronavirus",-1,governo,none,none,none
83,"aten√ß√£o - coronav√≠rus mata mais do que gripe em toda a d√©cada - com 100 mortes por dia, brasil alcan√ßar√° nesta semana n√∫mero de √≥bitos da influenza registrados entre janeiro e abril dos dez anos anteriores -somados.https://t.co/jpbr6iyekw",-1,√≥bitos,influenza,none,none
84,"aten√ß√£o patriotas! mais uma vez a extrema m√≠dia comunista divulgou fake news dizendo batemos recorde em n√∫mero de mortes pelo coronav√≠rus. fake! os eua nos salvar√£o assim que se salvarem, temos que ser gratos! e temos que que voltar ao trabalho para as empresas n√£o quebrarem! https://t.co/zxuqvo24rx",-1,m√≠dia_comunista,fake_news,mortos,eua_nos_salvar√£o
85,aten√ß√£o! gov. de s√£o paulo erra e feio na divulga√ß√£o do n√∫mero de mortes por coronav√≠rus. para eles cerca de 1300 mortes. minist√©rio da sa√∫de desmente e n√∫meros chegam a ser menos da metade: 588. a torcida pelo v√≠rus come√ßou!!https://t.co/omuuiwmcfd,-1,s√£o_paulo,mortes,minist√©rio_da_sa√∫de,none
86,aten√ß√£o!!!a verdade nua a crua!!!! a c√¢mara aprovou na noite de ontem uma important√≠ssima ajuda aos estados e munic√≠pios para combate ao coronav√≠rus.mas... adivinhem quem votou contra?os deputados aliados ao governo bolsonaro.,-1,ajuda_aos_estados_e_munic√≠pios,none,none,none
87,"bastou levantar-se a possiblidade de vota√ß√£o de projeto p/ a taxa√ß√£o de grandes fortunas p/ as empresas boazinhas que apoiaram (am) a escravid√£o moderna, doarem milh√µes p/ o combate ao coronav√≠rus com direito a propaganda no jn e tudo.",-1,taxa√ß√£o_de_grandes_fortunas,none,combate_ao_coronav√≠rus,none
88,"beb√™ em manaus √© 1¬∫ caso de coronav√≠rus entre ind√≠genas venezuelanos no pa√≠s | considerados grupo de risco, waraos relatam falta de √°gua e comida em abrigohttps://t.co/f2elcui4zp",-1,manaus,caso_de_coronavirus,ind√≠genas_venezuelanos,grupo_de_risco
89,bom dia! o perigo maior de contrair o coronav√≠rus est√° localizado nas vilas e nos estados de extrema pobreza. esse √© o maior problema do governo federal. eles sabem e tentam orientar essa gente que n√£o obedecem e desdenham do sistema de sa√∫de. problem√°tico para o governo,-1,governo_federal,sistema_de_sa√∫de,none,none
90,"bolsonaro √© considerado pela imprensa internacional o inimigo p√∫blico n√∫mero 1 da humanidade, com seu comportamento tirano, ele coloca em risco vidas no brasil e por extens√£o sabota os esfor√ßos do mundo inteiro pra conter o coronav√≠rus.bolsonaro √© uma amea√ßa a vida humana.",-1,bolsonaro,none,none,none
91,"bolsonaro √© o pior entre os l√≠deres mundiais que minimizam coronav√≠rus, diz washington post https://t.co/owb457d0lz https://t.co/halfyeyjci",-1,l√≠deres_mundiais,none,none,none
92,"bom dia a todos, menos para os governadores que contrairam coronavirus que momento oportuno para ficarem numa toca, escondidos das manifesta√ß√µes contra as m‚Ç¨rdas que fizeram! √© avestruz que chama? https://t.co/kqmwmtk2i3",-1,governadores,none,none,none
93,bom dia brasileiro ignorante e burro que t√° falando que √°gua t√¥nica protege de coronav√≠rus porque tem quinino que √© base de cloroquina.,-1,√°gua_t√¥nica_protege_de_coronav√≠rus,none,cloroquina,none
94,brasil tem 204 mortes por coronav√≠rus em menos de 24h e 1832 novos casos nessa ter√ßa-feira. infelizmente nossos n√∫meros ainda crescem.,-1,mortes,novos_casos,none,none
95,brasil testando menos de 10% dos casos suspeitos de coronav√≠rus e o povo falando que a contamina√ß√£o t√° diminuindo √© igualzinho aquele seu tio que nunca vai no m√©dico e fala ‚Äús√≥ tem doen√ßa quem faz exame,-1,casos_suspeitos,contamina√ß√£o,none,none
96,casos confirmados de #coronav√≠rus no mundo chegam a 2 milh√µes,-1,casos_confirmados,mundo,none,none
97,"cassada em dezembro, selma arruda ganha sobrevida no senado gra√ßas a crise do coronav√≠rus https://t.co/qsrm2vu8oy",-1,selma_arruda,none,none,none
98,"cear√° tem 137 profissionais da sa√∫de afastados por suspeita de coronav√≠rus, 4 morreram",-1,cear√°,none,suspeita_de_coronav√≠rus,none
99,"china escondeu gravidade do surto do novo coronav√≠rus durante seis dias associated press teve acesso a documentos internos que provam que regime chin√™s j√° tinha no√ß√£o da gravidade do surto em wuhan, mas durante seis dias manteve esses dados... https://t.co/yo7lwilolg #observador https://t.co/nylhnbllf3",-1,china,surto,novo_coronav√≠rus,regime_chin√™s
100,"chocados com o que o washington post disse no seu editorial? desde quando √© novidade que o bolsonero √© o pior l√≠der global a lidar com o coronav√≠rus?agora √© vergonha mundial como nunca antes. n√£o se brinca com a vida das pessoas desse jeito, agora aguenta a√≠",-1,bolsonero,none,none,none
101,cientistas de santa catarina dizem que pronunciamento ‚Äúde alguma autoridade nacional‚Äù pode ter afetado curva do coronav√≠rus no brasil. √≠ntegra do estudo https://t.co/0zSQTanpwT,-1,curva_do_coronav√≠rus,brasil,cientistas,santa catarina
102,"cloroquina mata pacientes em manaus e estudo sobre seu uso √© cancelado, segundo o new york times https://t.co/afcfoxfbpz",-1,cloroquina,manaus,none,none
103,"com t√°tica de bolsonaro, turquia v√™ coronav√≠rus disparar no pa√≠s @uolnoticias @uol https://t.co/kxo2rrk5ke",-1,bolsonaro,turquia,none,none
104,compositor aldir blanc est√° internado em estado grave com suspeita de coronav√≠rus. https://t.co/pf4wjp11st https://t.co/hxvawozcrx,-1,aldir_blanc,suspeita_de_coronav√≠rus,none,none
105,se eu n√£o morrer de covid-19 eu morro de ansiedade,-1,Covid-19,ansiedade,none,none
106,confirmada 19¬™ morte por coronav√≠rus no rn @portaldorn https://t.co/kpzhc36onj,-1,morte,none,none,none
107,conselho de medicina suspende exerc√≠cio profissional de m√©dica que associou soro de imunidade ao coronav√≠rus https://t.co/121w08io4m #g1 https://t.co/fhwfbav8t7,-1,soro_de_imunidade,conselho_de_medicina,none,none
108,"contra coronav√≠rus, distanciamento social intermitente pode ser necess√°rio at√© 2022 (via @estadaosaude) https://t.co/lwyrtoaczl",-1,distanciamento_social_intermitente,none,none,none
109,"coronav√≠rus em bh: 50 funcion√°rios do hospital risoleta neves est√£o contaminados. no dia 08 de abril eram 2 casos confirmados. no dia 10, havia19 casos e no dia 13 n√∫mero subiu pra 49. h√° ainda 93 exames em andamento https://t.co/szfrize1kh",-1,hospital_isoleta_neves,bh,funcion√°rios_infectados,none
110,coronav√≠rus infecta equipes do samu recife e deixa pelo menos 98 profissionais fora de combate √† covid-19https://t.co/c7mpl3hrqz https://t.co/b8feds9ht4,-1,equipes_do_samu_infectados,combate_a_covid-19,none,none
111,"covid-19. mais recupera√ß√µes do que mortes, mas v√≠rus continua a espalhar-se a norte. alentejo e ilhas sem novos casos https://t.co/wfgqqhnfam https://t.co/vfzqrj9gnl",-1,v√≠rus,novos_casos,none,none
112,covid-19. o estado do surto em portugal? est√°vel (veja em gr√°ficos e em mapas) https://t.co/evfwt9pvw1 via @expresso,-1,estado_do_surto,portugal,Covid-19,none
113,"cpi do #comunavirus, em breve ser√° preciso investigar o maior esquema de corrup√ß√£o que o brasil j√° enfrentou, respons√°vel pela roubalheira durante a pandemia!!!#coronavirus #covid19 #obrasilnaopodeparar",-1,comunavirus,esquema_de_corrup√ß√£o,robalheira_durante_a_pandemia,none
114,"crise do coronav√≠rus j√° custa r$ 3,9 bilh√µes a operadoras de turismo https://t.co/iyfog6ja2r https://t.co/rxougbpoyf",-1,crise_do_coronav√≠rus,operadoras_de_turismo,none,none
115,curitiba deve ter pico de casos de coronav√≠rus entre o final de abril e o come√ßo de maio https://t.co/f9cx1oaank https://t.co/fyfbpa3e1m,-1,curitiba,pico_de_casos,none,none
116,"datena est√° dizendo que foi jair bolsonaro a primeira pessoa no mundo que disse que a cloroquina poderia ser usada no tratamento do coronav√≠rus.√© s√©rio, ele disse isso.",-1,jair_bolsonaro,cloroquina,none,none
117,"de acordo com a pol√≠cia militar, a marca dos testes negociados por fernandinho mariano seria a mesma de lotes roubados no aeroporto de guarulhos nesta semana https://t.co/zpgsntdeyc",-1,testes_roubados,none,none,none
118,"declara√ß√µes irrespons√°veis √°s vezes custam caro. as pessoas mais jovens, al√©m de poderem ser transmissoras assintom√°ticas, correm risco de ter complica√ß√µes graves quando expostas a altas cargas do coronav√≠rus. n√£o se arrisque e nem √†s outras pessoas. se puder, fique em casa! https://t.co/nxxsjy4hj3",-1,transmissoras_assintom√°ticas,none,none,none
119,den√∫ncia √© assinada por vereadora do psol e diz que governo est√° violando o direito √† informa√ß√£o da popula√ß√£o https://t.co/2kjqg7jan5,-1,direito_a_informa√ß√£o,vereadora,psol,none
120,"depois de uma morte e 35 suspeitas de contamina√ß√£o, den√∫ncia aponta neglig√™ncia. https://t.co/3tihfnb1si",-1,suspeitos_de_contamina√ß√£o,none,none,none
121,"depois do witzel anunciar que pegou coronav√≠rus, agora helder paspalho do par√° tamb√©m disse que foi contaminado. n√£o acredito em nenhum dos dois. e, caso tenham sido mesmo contaminados, fica mais uma vez comprovado que isolamento n√£o resolve nada.",-1,witzel,helder,isolamento,none
122,"deu no washington post: quando as infec√ß√µes come√ßaram a espalhar no pa√≠s com mais de 200 milh√µes de pessoas, o populista de direita chamou o coronav√≠rus de \gripezinha\ e pediu que os brasileiros \enfrentassem o v√≠rus como homem, n√£o como moleques.https://t.co/79rdnkicgk",-1,populista_de_direita,gripezinha,none,none
123,"dinheiro - coronav√≠rus: fmi prev√™ d√©fice de 7,1% em portugal este ano https://t.co/prcfsvmbb3",-1,portugal,none,none,none
124,"dois governadores diagnosticados com covid-19 no mesmo dia. um no norte e outro no sudeste. alerta importante que o coronav√≠rus continua avan√ßando pelo brasil. por isso, refor√ßo: fique em casa. cuide da sua sa√∫de e de quem voc√™ ama.",-1,govenadores,,none,none
125,donald trump dizendo que a oms n√£o avisou sobre a gravidade do coronavirus. eu t√¥ gaitando. √© muita cara de pau!,-1,donald_trump,oms,coronavirus,none
126,√© #fake que tv da it√°lia mostrou que novo coronav√≠rus foi fabricado em laborat√≥rio chin√™s https://t.co/ehmrwmw0tu https://t.co/mi8qiaxj0l,-1,fake,it√°lia,novo_coronav√≠rus,none
127,√© #fake que v√≠deo mostre hospital de campanha da unicamp sem nenhum atendimento | coronav√≠rus | g1 https://t.co/gnlivtcppj. bolsom√≠nios e suas fakes rid√≠culas!,-1,hospital_de_campanha_da_unicamp,bolsom√≠nios,none,none
128,"√© com afli√ß√£o e cada vez mais com indigna√ß√£o irada, q muitos policiais de s√£o paulo est√£o vendo a sua imagem ser destru√≠da, dia ap√≥s dia, pelas viol√™ncias, ilegalidades e atos de estupidez q seus superiores mandam cometer em nome do combate ao coronav√≠rus https://t.co/p7joen8up6",-1,combate_ao_coronav√≠rus,none,none,none
129,"e como s√£o v√≠rus de fita simples de rna, h√° muitas muta√ß√µes em cada epidemia. por isso a cada ano eles voltam a infectar a mesma popula√ß√£o. fen√¥meno semelhante ao influenza. com os coronav√≠rus causadores de sars temos algo diferente: as caracter√≠sticas da prote√≠na s.",-1,influenza,none,none,none
130,"√© compl√¥? ü§îgovernador do rj wilson witzel e do pa helder barbalho assumindo, no mesmo dia, que est√£o est√£o com o coronav√≠rus.aposto que depois v√£o dizer que se curaram sem o uso da cloroquina.algu√©m tem d√∫vidas?",-1,governador_do_rj,cloroquina,none,none
131,"√© muito f√°cil o governo fechar tudo! dizer fique em casa, enqto seus salarios milion√°rios estao em suas contas. Diferente de n√≥s, meros mortais, q a 9 dias esperamos a decis√£o do governo, de se vamos morrer de fome ou do coronavirus! eu n√£o sei o q fazer!üò≠üíî #auxilioemergencial",-1,morrer_de_fome_ou_do_coronavirus,none,none,none
132,"e o pessoal acha que √© baboseira a proje√ß√£o de isolamento at√© 2022, sendo que o pa√≠s que melhor atuou no combate ao #coronavirus t√° fazendo novo lockdown https://t.co/79mvy7pnsi",-1,proje√ß√£o_de_isolamento,none,none,none
133,√© o que deveriam fazer com bolsomorte #interditembolsonaroja https://t.co/ejzs7q6vbt,-1,bolsomorte,none,none,none
134,editorial do washington post afirmando que bolsonaro √© o pior l√≠der do mundo. n√£o √© o texto de um colunista. √© a opini√£o da empresa. https://t.co/2kwjio06xj,-1,bolsonaro,washington_post,none,none
135,"editorial do washington post coloca o presidente do brasil ao lado de lideres de belarus, turquemenist√£o, nicar√°gua como os piores a lidar com a crise - e diz que de longe o caso mais grave de improbidade √© o do presidente brasileiro jair bolsonaro https://t.co/togouvvcnw",-1,presidente_do_brasil,improbidade,none,none
136,editorial do washington post.e d i t o r i a l.n√£o √© artigo de opini√£o de colunista.t√≠tulo:l√≠deres arriscam vidas ao minimizar o v√≠rus. bolsonaro √© o pior. https://t.co/ad8zphfzjj,-1,washington_post,none,bolsonaro,none
137,el pa√≠s trump acusa a oms de ‚Äúencobrir‚Äù expans√£o do coronav√≠rus e congela repasse de recursos https://t.co/bwh1morrnk via @elpais_brasil,-1,trump,oms,expans√£o_do_coronav√≠rus,none
138,"ele n√£o estava em quarentena, como os demais cidad√£os residentes no rio de janeiro?agora, infectado pelo #coronav√≠rus, n√£o permanecer√° em confinamento residencial, a fim de evitar a propaga√ß√£o do v√≠rus? https://t.co/njguyfo8vx",-1,quarentena,confinamento_residencial,propaga√ß√£o_do_v√≠rus,none
139,"em editorial, jornal americano atacou postura do presidente brasileiro diante do novo coronav√≠rus e disse que donald trump faria um grande favor ao brasil se aconselhasse bolsonaro a mudar de atitude.https://t.co/u5jkqejhk8",-1,jornal_americano,donald_trump,bolsonaro,none
140,"em menos de um m√™s, brasil tem mortes por coronav√≠rus confirmadas em todos os estados https://t.co/ga30ki4cxd",-1,mortes_confirmadas,none,none,none
141,"em nova estrat√©gia, oms cita risco de transmiss√£o descontrolada do coronav√≠rus.cen√°rio √© temido caso transi√ß√£o de quarentenas para normalidade seja realizada de forma abrupta. https://t.co/2usroitwz6",-1,oms,risco_de_transmiss√£o,transi√ß√£o_de_quarentenas_para_normalidade,none
142,"em nova publica√ß√£o da s√©rie relatos da pandemia, giovana conta como foi deixar √†s pressas um pa√≠s que deveria ser um dos mais preparados do mundo para lidar com uma pandemia. https://t.co/qtu6ysrqhx",-1,relatos_da_pandemia,none,none,none
143,"em s√£o paulo, 15% dos internados por coronav√≠rus n√£o sobrevivem √† doen√ßa https://t.co/vplfk4fh92",-1,s√£o_paulo,internados_por_coronav√≠rus,none,none
144,"enquanto alguns jornais destacaram que o n√∫mero de mortes por coronav√≠rus na espanha cresceu, outros optaram por registrar que a quantidade di√°ria de novos casos confirmados diminuiu https://t.co/bbwqnnf5ps",-1,n√∫mero_de_mortos,quantidade_di√°ria_de_novos_casos,none,none
145,"enquanto onyx lorenzoni, a esc√≥ria da pol√≠tica ga√∫cha, faz sabujos elogios ao governo, a fam√≠lia bolsonaro e seus sequazes, moro, guedes, salles et caterva terraplanista, v√£o enterrando o pa√≠s. 204 mortos! eles s√£o os coveiros do brasil, dan√ßando com os caix√µes do coronav√≠rus... https://t.co/ru0zvfjptd",-1,onyx_lorenzoni,fam√≠lia_bolsonaro,terraplanista,mortes
146,entenda como fomos impedidos de votar o fund√£o para o combate ao coronav√≠rus.o deputado rodrigo maia inadmitiu a emenda do novo que destinaria os recursos do fund√£o e fundo partid√°rio para a sa√∫de e tamb√©m a emenda da redu√ß√£o dos sal√°rios de pol√≠ticos. https://t.co/aa6slwuqat,-1,combate_ao_coronav√≠rus,rodrigo_maia,fundo_partid√°rio,none
147,"Vamos salvar a economia, que covid-19 que nada... √© s√≥ uma gripezinha. https://t.co/Gbh9s5Uqno",-1,Covid-19,gripezinha,none,none
148,esperando o pum do palha√ßo ‚Äî produtores e advogados alertam que a secretaria especial de cultura do governo bolsonaro n√£o se adequou √† urg√™ncia que a paralisa√ß√£o completa do setor e os preju√≠zos derivados pela pandemia de coronav√≠rus. https://t.co/pvcndh9sf7,-1,secretaria_especial_da_cultura,paraliza√ß√£o_completa,pandemia,none
149,"esse circo de coronav√≠rus n√£o funciona comigo. esse surto armaram para implantar uma ditadura comunista. logo ap√≥s a cidad√£ foi presa. parab√©ns √† pol√≠cia que agiu dentro da lei nesta a√ß√£o que protege n√£o s√≥ a vida dela, mas a de outras pessoas https://t.co/8x08hlob3d",-1,circo_de_coronav√≠rus,surto,ditadura_comunista,none
150,estado do rio tem 42 mortes por coronav√≠rus em um s√≥ dia https://t.co/li2q34eswi via @jornalextra,-1,estado_do_rio,mortes,none,none
151,"est√£o certos os eua, √© preciso seriedade, a oms n√£o pode ser pol√≠tica como foi neste caso do #v√≠ruschin√™s, o coronav√≠rus...chanceler dos eua quer ‚Äòmudan√ßa radical‚Äô na oms - renova m√≠dia https://t.co/mmhvl51adz via @renovamidia",-1,eua,oms,none,none
152,este √© o brasil com casos de coronav√≠rus confirmados em 1.066 munic√≠pios. e todos os estados j√° registraram ao menos uma morte pela doen√ßa. veja hoje na an√°lise em https://t.co/qhixrad41p https://t.co/kj5q5dlsku,-1,casos_de_coronav√≠rus_confirmados,mortes,doen√ßa,none
153,este homem n√£o devia governar nem a pr√≥pria casa! ele representa tudo o que a humanidade tem de errado!!!brasil atribui aumento da desfloresta√ß√£o na amaz√≥nia ao novo coronav√≠rus https://t.co/qvymqnzypb,-1,desfloresta√ß√£o_na_amaz√¥nia,novo_coronav√≠rus,brasil,none
154,eu li uma noticia que se n tiver uma vacina para esse coronavirus podemos ficar em isolamento social at√© 2022,-1,vacina,isolamento_social,none,none
155,"eu nao aguento mais sonhar com hospital e gente morrendo. coronavirus, sai da minha cabe√ßa, pf",-1,hospital,gente_morrendo,none,none
156,evolu√ß√£o dos casos de #coronav√≠rus no mundo: 19/01: 100 casos24/01: 1.000 casos12/02: 50.000 casos06/03: 100.000 casos18/03: 200.000 casos26/03: 500.000 casos02/04: 1.000.000 casos14/04: 2.000.000 casos,-1,evolu√ß√£o_dos_casos,none,none,none
157,pesquisador da fiocruz sobre relaxamento do isolamento social: ‚Äúvamos perder vidas em decorr√™ncia da sobrecarga do sistema de sa√∫de e n√£o vamos preservar os empregos‚Äùhttps://t.co/3j4rpdeyys#coronavirus #covid19 #coronavirusbrasil,-1,fiocruz,relaxamento_social,sistema_de_sa√∫de,empregos
158,"exporta√ß√µes chinesas ca√≠ram 6,6% em mar√ßo, uma queda impactante para um pa√≠s cuja economia depende em grande parte das vendas internacionais.se popula√ß√£o mundial parar de comprar produtos chineses, o regime totalit√°rio enfrentar√° s√©rios problemas.https://t.co/qlqc1uu2wr",-1,exporta√ß√µes_chinesas,vendas_internacionais,none,none
159,feminic√≠dios em casa dobram em sp durante quarentena por coronavirus https://t.co/diyz45xxka https://t.co/bbqpsasqwe,-1,feminic√≠dios_em_casa,quarentena,none,none
160,"fiocruz, unb e usp estimam: ao n√£o testar presen√ßa do v√≠rus, pa√≠s esconde 14 de cada 15 infec√ß√µes. ocupa√ß√£o das utis j√° beira 75%. sem ampliar isolamento, cen√°rio √© catastr√≥fico. Leia tamb√©m: governo salva bancos",-1,utis,isolamento,infec√ß√µes,fiocruz
161,"galera, infelizmente o brasil teve seu recorde de mortos em fun√ß√£o do novo coronav√≠rus, com 204 mortos nas √∫ltimas 24 horasao contr√°rio do que alguns dizem, n√£o h√° ind√≠cios de que a epidemia est√° acabando no brasil.se puder, fique em casa.",-1,mortos,novo_coronav√≠rus,none,none
162,"governador wilson witzel foi diagnosticado com coronav√≠rus, espero que ele use hidroxicloroquina, de cora√ß√£o.",-1,wilson_witzel ,hidroxicloroquina,none,none
163,governadores do par√° e do rio de janeiro testam positivo para covid-19 #falabrasil #coronav√≠rus https://t.co/uqlsqx2oab,-1,governadores_do_par√°,Covid-19,none,none
164,helder barbalho rei do norte por favor venha aqui e pegue o meu pulm√£o pra continuares combatendo o coronav√≠rus,-1,helder_barbalho,combatendo_o_coronav√≠rus,none,none
165,"hoje foi revelado pelo jornal washington post que o departamento de estado americano j√° havia debatido, em comunica√ß√µes secretas, as falhas de seguran√ßa no laborat√≥rio de wuhan, que faz pesquisas com coronav√≠rus, inclusive relatando infec√ß√µes de cientistas no local.",-1,washington_post,pesquisas_com_coronav√≠rus,infec√ß√µes_de_cientistas,none
166,"hoje identificamos v√°rios casos positivos de coronav√≠rus em porto velho. foi feita uma investiga√ß√£o e descobrimos que essas pessoas estavam em uma festa em 4 de abril. ou seja, n√£o estavam trabalhando e nem levando o p√£o para casa https://t.co/zsaaxchqd9",-1,casos_positivos,porto_velho,none,none
167,"hoje, falo na @tribunadonorte sobre a estimativa de 86,7% de casos de coronav√≠rus subnotificados no rn. ter√≠amos, na realidade, cerca de 2,8 mil infectados, n√£o 376.para cada caso confirmado da covid-19 no rn, h√° seis n√£o notificados https://t.co/tmmfxss96r",-1,casos_de_coronav√≠rus,subnotificados,caso_confirmado,Covid-19
168,https://t.co/19cahijhctcomo tem sido estressantes os plant√µes nos hospitais pelo mundo afora por causa da pandemia de coronavirus.,-1,hospital,pandemia_de_coronav√≠rus,none,none
169,importante essa mensagem do @henrybugalho para venc√™-los precisamos ser melhores que eles. fake - m√©dica bolsonarista v√≠tima do coronav√≠rus?! https://t.co/md98gt4kqc via @youtube,-1,m√©dica,none,none,none
170,inacredit√°vel: funai alerta que os ind√≠genas n√£o devem bloquear as estradas de acesso √†s aldeias durante a pandemia do novo coronav√≠rus por motivos de brasil n√£o pode parar https://t.co/BUaVGAwE2Q,-1,ind√≠genas,acesso_√†s_aldeias,pandemia,novo_coronav√≠rus
171,√≠ndia leva china ao tribunal internacional por eventual responsabilidade na pandemia global de coronav√≠rus.‚ñ™Ô∏ènoticia brasil online. https://t.co/9dn1vs825g,-1,√çndia,china,tribunal_internacional,responsabilidade_na_pandemia_global
172,"informa√ß√µes desencontradas e problemas com o cadastro de imigrantes t√™m dificultado ainda mais o acesso dessa popula√ß√£o ao benef√≠cio, criado para atenuar os efeitos econ√¥micos do coronav√≠rus",-1,cadastro_de_imigrantes,none,none,none
173,"j√° que geral virou especialista, cientista e m√£es din√° tamb√©m vou dar minha previs√£o. funai alerta que os ind√≠genas n√£o devem bloquear as estradas de acesso √†s aldeias durante a pandemia do novo coronav√≠rus por motivos de brasil n√£o pode parar https://t.co/BUaVGAwE2Q",-1,Ind√≠genas,acesso_√†s_aldeias,pandemia,novo_coronav√≠rus
174,leio na imprensa que cientistas canadenses apontam #c√£es de rua como poss√≠veis hospedeiros do #coronavirus. temo por uma a√ß√£o desenfreada das carrocinhas mundo a fora .,-1,cientistas,hospedeiros_do_coronav√≠rus,none,none
175,mais uma prova de que o isolamento social √© in√∫til. https://t.co/2tvx8rp05a,-1,isolamento_social,none,none,none
176,"manchetes que voc√™ n√£o ver√° na imprensa . Segundo o instituto do cora√ß√£o, j√° s√£o mais de 113 mil mortes por doen√ßas card√≠acas no brasil em 2020. esse n√∫mero √© quase 100 vezes maior que o das mortes por coronav√≠rus.",-1,imprensa,mortes,none,doen√ßas_card√≠acas
177,"mandetta com essa entrevista mostrou falta de car√°ter, n√£o teve um comportamento de homem, mas sim de um traidor. https://t.co/wtbr7r8pi4",-1,mandetta,none,none,none
178,"meus deus, o coronav√≠rus vai espalhar mais r√°pido agora que ficou frio, no inverno √© pior!imprensa: o frio √© culpa do presidente bolsonaro, ele soltou todo o vento que dilma estocou!ü§¨ chega de usar uma pandemia na tentativa de derrubar o presidente!hipocrisia n√£o!",-1,presidente_bolsonaro,pandemia,tentativa_de_derrubar_o_presidente,none
179,"morte de mulheres, n√£o o assassinato. n√£o feminicidio, como se essas mortes fossem uma casualidade aumento de consumo de bebidas e perda de renda s√£o apontados como os culpados. n√£o os assassinos. Melhore, @folhahttps://t.co/ecizmpdgmb",-1,morte_de_mulheres,feminicidio,consumo_de_bebidas,perda_de_renda
180,mortes de mulheres em casa dobram em sp durante quarentena por coronavirus https://t.co/6fjcz6aqgl,-1,morte_de_mulheres,sp,quarentena,none
181,mortes por coronav√≠rus fazem manaus temer gargalo no servi√ßo funer√°rio para os mais pobres https://t.co/wufw3qzfxd https://t.co/tbtlrazwkv,-1,mortes,manaus,none,none
182,mp vai apurar por que funai n√£o usou recursos contra coronav√≠rus / r7. https://t.co/0jhntiu0x3,-1,funai,none,none,none
183,BLOGUEIRAS DIVULGANDO VENDA DE TESTE DE COVID-19. Eu n√£o aguento tamanha irresponsabilidade! As pessoas se sujeitam a tudo em troca de dinheiro. https://t.co/DCNTkgAlo9',-1,teste_de_covid-19,none,none,none
184,muito se fala sobre cuidados para evitar levar o coronav√≠rus para casa. no caso dos catadores de res√≠duos a preocupa√ß√£o maior √© inversa: evitar que o v√≠rus seja levado das casas de pessoas contaminadas para ruas e aterros por meio do lixo https://t.co/r0w17uhxpz @catadoresmnc,-1,catadores_de_res√≠duos,lixo,none,none
185,"mulheres, jovens e funcion√°rios p√∫blicos tamb√©m est√£o entre aqueles que desaprovam a gest√£o do governo federal na crise da covid-19https://t.co/ba4b2uxzjj",-1,governo_federal,crise_covid-19,none,none
186,"na bahia, estado com 14 milh√µes de habitantes, ap√≥s quase 50 dias desde a primeira infec√ß√£o, h√° 66 internamentos por coronavirus, sendo 28 em uti. do total de casos notificados, somente 7,36% testaram positivo ( 723 pessoas). h√° leitos sobrando. a economia est√° parada. https://t.co/nenbosdpvr",-1,bahia,internamentos,uti,casos_notificados
187,na calada da noite. sem discuss√£o o @rodrigomaia (apoiador do gov) e seus asseclas aprovaram uma mp que acaba com os direitos dos trabalhadores.canalhas! canalhas! canalhas!bababacas!https://t.co/ugl20zva5q#covid19 #coronavirus #oms #covid_19,-1,rodrigo_maia,mp,direito_dos_trabalhadores,none
188,"na mesma informa√ß√£o: coronav√≠rus: 3/4 das mortes est√£o dentro dos grupos de risco.a m√≠dia segue espalhando o p√¢nico, colocando tudo sob a pior perspectiva poss√≠vel. o objetivo √© claro! https://t.co/prdzse4et4",-1,mortes,grupos_de_risco,m√≠dia,none
189,"na sua opini√£o, a quem interessa todo esse alarmismo do coronavirus?",-1,alarmismo_do_coronavirus,none,none,none
190,n√£o adianta postar passa logo coronav√≠rus se voc√™ faz parte dos que furam a quarentena!,-1,quarentena,none,none,none
191,"n√£o caiam no discurso de que jair bolsonaro e donald trump for√ßam para a cloroquina d√° certo. quem n√£o quer qu√™ d√™ certo s√£o os mesmos que omitem ou banalizam a sua efic√°cia, mas s√£o os primeiros a pedirem o rem√©dio quando s√£o diagnosticados com o coronavirus.",-1,jair_bolsonaro,donald_trump,cloroquina,diagnosticados
192,n√£o eh poss√≠vel que o mundo esteja errado sobre o coronav√≠rus e sobre suas precau√ß√µes e que o mundo todo queira derrubar um ze ningu√©m de um pa√≠s emergente,-1,z√©_ningu√©m_de_pa√≠s_emergente,none,none,none
193,"n√£o, o coronav√≠rus n√£o √© uma for√ßa democr√°tica. nem todo o mundo √© afetado igual. como conto na @folha, a pandemia mata negros e pobres de maneira desproporcional nos eua. negros s√£o 32% da popula√ß√£o de louisiana, por exemplo‚Äì‚Äìe 70% dos mortos. fio üëáhttps://t.co/3mrikxvneq",-1,eua,pandemia,morte,none
194,no brasil 55% dos infectados pelo #ccpvirusforam curados.#bolsonarotemrazaosimhttps://t.co/c3dtbvhkuf,-1,brasil,infectados,none,none
195,"no √∫ltimo domingo, o fant√°stico mostrou uma megaopera√ß√£o do ibama para tirar garimpeiros de terras ind√≠genas e evitar alastramento do coronav√≠rus. hoje, o governo exonerou o diretor de prote√ß√£o ambiental do ibama, olivaldi azevedo. tirem suas pr√≥prias conclus√µes!",-1,alastramento_do_coronav√≠rus,none,none,none
196,"nossas florestas est√£o em risco! h√° parlamentares querendo aproveitar a pandemia do #coronav√≠rus para aprovar a #mp910, que entrega terras a quem mais desmata: os grileiros. compartilhe #grilagemn√£o e cobre que os parlamentarem digam #mp910n√£o. acesse: https://t.co/tgv5hdbnuw https://t.co/u5ras85pzz",-1,mp91none,pandemia,parlamentares,florestas
197,"n√∫mero de casos graves de covid-19 √© pelo menos o dobro do registrado, mostra proje√ß√£o | coronav√≠rus | g1 https://t.co/mqnylfgjog",-1,casos_graves,Covid-19,none,none
198,nunca na minha vida tive que pedir a um paciente que desligasse o telefone porque estava na hora de colocar um tubo de respira√ß√£o. os m√©dicos que tratam pacientes com coronav√≠rus tiveram que reprojetar em tempo real sua pr√°tica de medicina e suas vidas pessoais. https://t.co/xgtefsl2zn,-1,pacientes,m√©dicos,none,none
199,o brasil chegou a um ponto t√£o absurdo que entender que a quarentena √© essencial para a n√£o propaga√ß√£o do coronav√≠rus √© coisa de comunista...,-1,brasil,propaga√ß√£o_do_coronav√≠rus_√©_coisa_de_comunista,quarentena,none
200,"o brasil j√° registrou at√© agora, 1.557 novas mortes por coronav√≠rus. isto √© porque √© uma inven√ß√£o da imprensa! o n√∫mero de casos confirmados at√© agora √© 25.758 infectados. https://t.co/vujpwx6pne #bozogenocida #capet√£ocorona",-1,novas_mortes,imprensa,none,none
201,"Gente, pelo amor de Deus, cuidem de voc√™s e dos seus, o covid-19 n√£o √© brincadeira, ele j√° se tornou uma realidade triste pra n√≥s brasileiros. Estamos a um passo de nos tornarmos o epicentro da doen√ßa no mundo. Ent√£o, FIQUEM DENTRO DE CASA CARALHO",-1,Covid-19,epicentro_da_doen√ßa,none,none
202,o deputado @osmarterra previa na metade de mar√ßo menos de 730 mortes pelo coronav√≠rus no brasil em todo o ano de 2020. apenas nas √∫ltimas 24 horas foi atingido 28% do projetado de v√≠timas fatais pelo parlamentar para todo o ano. √© o fato! https://t.co/idlusetmg5,-1,mortes,brasil,none,none
203,"o editorial do @washingtonpost de ontem tem simplesmente o t√≠tulo l√≠deres arriscam vidas ao minimizar o coronav√≠rus. bolsonaro √© o pior. isso envergonhar√° o gado? n√£o, s√≥ os que j√° se declaram bolsonaristas da linha que segue mandetta.",-1,bolsonaristas,bolsonaro,none,none
204,o editorial publicado ontem em cr√≠ticas a l√≠deres mundiais na crise do coronav√≠rus e apontando bolsonaro como o pior √© o que o jornal pensa a respeito do presidente do brasil. https://t.co/snwyyx8iu0,-1,lideres_mundiais,bolsonaro,crise_do_coronav√≠rus,none
205,"o estado chegou ao pico de interna√ß√µes nesta ter√ßa-feira (14), com mais de 2 mil pacientes diagnosticados com o coronav√≠rus. https://t.co/acuw8g1gus",-1,pico,pacientes_diagnosticados,,none
206,"o estudo estava em andamento desde 2019 e era direcionado a pacientes com c√¢ncer de pulm√£o. com a explos√£o da epidemia da covid-19, os pesquisadores decidiram mudar o foco e contribuir com a pesquisa mundial üëèüëèüëèüëèüëèüëèüëè https://t.co/jbkqyb2mv1",-1,explos√£o_da_epidemia,Covid-19,pesquisadores,none
207,o fato de wilson witzel e helder barbalho estarem com coronav√≠rus significa uma das duas coisas:1 - ou seus decretos imbecis de quarentena realmente n√£o funcionam 2 - ou eles descumpriram esses decretos e deveriam ser presos,-1,wilson_witzel ,helder_barbalho,quarentena,none
208,"o fim do isolamento social no brasil, causado pela pandemia do novo coronav√≠rus, ser√° regional e aos poucos. √© o que defende a dra. ludhmila hajjar. ela √© a convidada do #poderemfoco de amanh√£. logo depois do programa s√≠lvio santos, n√£o perca. https://t.co/fv8nkj03hr",-1,fim_do_isolamento_social,brasil,pandemia_do_novo_coronav√≠rus,none
209,"o globo:em s√£o paulo, 15% dos internados por coronav√≠rus n√£o sobrevivem √† doen√ßa. mais de 2 mil pacientes com o v√≠rus ocupam leitos do estado . quer dizer que a taxa de letalidade de sp √© 5 vezes maior que a m√©dia mundial ? o que est√° acontecendo doria?",-1,internados,pacientes,v√≠rus,taxa_de_letalidade
210,"o governador do rj ao inv√©s de ir no hospital de refer√™ncia no caso de coronavirus, o hospital raul gazola, vai no hospital da rede dor.√© sinal que nem ele acredita nas medidas imposta pelo pr√≥prio?",-1,governador_do_rj,hospital_de_refer√™ncia,caso_de_coronav√≠rus,hospital_raul_gazola
211,"o governador do rj, embora infectado pelo #coronav√≠rus, diz que vai continuar trabalhando, seguindo as recomenda√ß√µes m√©dicas. a quest√£o √©: os demais cidad√£os residentes no estado tamb√©m n√£o poderiam continuar trabalhando, seguindo as recomenda√ß√µes m√©dicas para evitar cont√°gio?",-1,governador_do_rj,recomenda√ß√µes_m√©dicas,evitar_cont√°gio,infectado
212,"o governador do rj, witzel pegou coronavirus . Espero que n√£o queira usar cloroquina, nem hidroxicloroquina e o antibi√≥tico azitromicina . Ou vai dizer que agora quer experimentar???a dor ensina a gemer....",-1,governador_do_rj,cloroquina,hidroxicloroquina,antibi√≥tico_azitromicina
213,o governador witzel testou positivo para o #coronav√≠rus. vamos ver o que ele vai fazer com a quarentena agora...,-1,witzel,quarentena,none,none
214,"o governo de rond√¥nia anunciou que v√°rias pessoas que participaram de uma festa que ficou conhecida como coronafest, em rond√¥nia, tiveram diagn√≥stico confirmado para o novo coronav√≠rus.https://t.co/hb1ldfvykn",-1,governo_de_rond√¥nia,none,diagn≈õotico_confirmado,novo_coronav√≠rus
215,o jornalista augusto nunes comenta a decis√£o da justi√ßa de mandar para pris√£o domiciliar diversos criminosos devido √† pandemia de coronav√≠rus #jr24h https://t.co/pvlo5uj6fw,-1,pris√£o_domiciliar_para_criminosos,pandemia,none,none
216,"o minist√©rio p√∫blico federal foi acionado pelo psol, para investigar porque a funai n√£o executou nenhum centavos r$ 10,840 milh√µes que receber para apoiar os ind√≠genas em a√ß√µes de prote√ß√£o e combate ao novo coronav√≠rus https://t.co/dhu1oosqjl",-1,minist√©rio_p√∫blico_federal,funai,prote√ß√£o_e_combate_ao_novo_coronav√≠rus,none
217,"o ministro mandetta a cada momento muda de opini√£o e diz que o pico do coronav√≠rus vai ser mais na frente. o pico da covid-19, na perspectiva do ministro, est√° parecendo mais com a linha do horizonte.",-1,mandetta,pico_do_coronav√≠rus,pico_da_covid-19,none
218,"o mundo t√° acabando e tem gente ainda achando que p√£o √© o vil√£o. minha gente vil√£o √© coronavirus, √© bolsonaro, √© quem votou no bolsonaro...o coitado do p√£o √© s√≥ comida mesmo.",-1,bolsonaro,none,none,none
219,"o novo coronav√≠rus foi capaz de esvaziar a pra√ßa s√£o pedro, no vaticano, e at√© mesmo adiar a realiza√ß√£o dos jogos ol√≠mpicos, mas n√£o teve for√ßa para vencer a viol√™ncia dom√©stica. üòûhttps://t.co/ena0yyrk9m",-1,viol√™ncia_dom√©stica,none,none,none
220,"o n√∫mero de mortos no estado do rio foi atualizado pela secretaria estadual de sa√∫de . At√© a manh√£ desta quarta-feira, 229 pessoas haviam morrido infectadas pelo novo coronav√≠rus. ontem, o balan√ßo divulgado pelo governo contabilizava 224 mortos.aumento de 5 casos apenas.",-1,secretaria_estadual_da_sa√∫de,novo_coronav√≠rus,mortos,rio_de_janeiro
221,"o papel do presidente donald trump, que demorou a reconhecer a gravidade do #coronav√≠rus, foi decisivo para a trag√©dia. e anotem: quando a curva come√ßar a baixar nos estados unidos, tem um certo pa√≠s tropical com grande potencial para ser o novo epicentro da pandemia.",-1,donald_trump,gravidade_do_cronav√≠rus,curva,epicentro_da_pandemia
222,"o perigo que vem de fora 4 cearenses vem a vel√≥rio e testaram positivo para #covid19 no piau√≠, os infectados j√° retornaram para o cear√°.#coronavirus 4 cearenses vem a vel√≥rio e testaram positivo para #covid19 no piau√≠, os infectados j√° retornaram para o cear√°.#coronavirus",-1,infectados,cear√°,piaui,none
223,"o pico da curva do mandeta para o coronavirus ser√° quando?muda mais que previs√£o de tempo.e as mortes, felizmente, diminuem no brasil...pra desespero dos urubus...",-1,pico_da_curva,mandeta,mortes,brasil
224,o pico seria mar√ßo-abril. Mandetta informou dps q seria maio-junho.agora o minist√©rio da sa√∫de divulga q ser√° maio-agosto.o sistema pol√≠tico podre quer manter o brasil em quarentena para continuar roubando e superfaturando contratos e obras p√∫blicas.https://t.co/4xa434ser7,-1,pico,minist√©rio_da_sa√∫de,quarentena,none
225,"o posicionamento das minhas professoras sobre a pandemia: orar pra dar tudo certo ate junho pra ter tcc üôèüèΩüôèüèΩüôèüèΩüôèüèΩ se voce falar nao pro coronavirus, ele acaba",-1,pandemia,none,none,none
226,o pres. trump anunciou a suspens√£o do financiamento pago pelos eua p/a oms at√© serem conclu√≠das as investiga√ß√µes p/determinar se a oms agiu em conluio c/a china p/esconder do mundo a real dimens√£o da crise do coronavirus no in√≠cio do ano. https://t.co/knvaxvg583,-1,trump,oms,crise_do_coronav√≠rus,china
227,o presidente donald trump est√° suspendendo o financiamento da organiza√ß√£o mundial da sa√∫de enquanto uma revis√£o √© realizada para avaliar o papel da oms na m√° gest√£o do surto de coronav√≠rus. https://t.co/j2ol5l8kqw,-1,donald_trump,none,oms,surto_de_coronav√≠rus
228,"o terror que alguns youtubers e imprensa colocaram na popula√ß√£o chegou ao cumulo de corpos serem jogados na cal√ßada de favelas, sob suspeita de morte por coronavirus, e ninguem ter coragem de tocar neles.est√£o com medo de que? do morto espirrar na sua cara?",-1,mortos,none,none,none
229,"o tocantins era o √∫nico do estado do pa√≠s sem registro de mortes por covid-19. agora, todas as unidades da federa√ß√£o t√™m ao menos um √≥bito causado pelo novo coronav√≠rus.",-1,tocantis,√≥bitos,none,none
230,"os integrantes do alto escal√£o do governo do rio de janeiro, incluindo o pr√≥prio vice-governador, cl√°udio castro, tiveram contato direto com o governador wilson witzel, que foi diagnosticado com #coronav√≠rus.https://t.co/7ed21cociz",-1,governo_do_rio_de_janeiro,wilson_witzel,diagnosticado_com_coronav√≠rus,none
231,"os pol√≠ticos brasileiros ser√£o respons√°veis por milh√µes de mortes no brasil, sendo mais letal que o coronav√≠rus. üáßüá∑",-1,policos_brasileiros,milh√µes_de_mortes,none,none
232,"pacientes com c√¢ncer e card√≠acos deixam de buscar atendimento por medo da covid-19, alertam m√©dicos https://t.co/xo7j4botkk https://t.co/4uscq8wh3q",-1,Covid-19,none,none,none
233,"para @osmarterra, a pandemia do #coronav√≠rus no brasil atingiu o pico no final de mar√ßo:a realidade:‚Ä¢ casos at√© 31/3: 5717‚Ä¢ casos at√© hoje: 25262‚Ä¢ mortes at√© 31/3: 201‚Ä¢ mortes at√© hoje: 1532 https://t.co/hcjrawihpa",-1,pico,mortes,none,none
234,"para o presidente do stf, restri√ß√£o do direito de ir e vir, a pretexto de evitar a propaga√ß√£o do #coronav√≠rus, sem recomenda√ß√£o da anvisa √© ilegal. https://t.co/jkbhswvd3z",-1,propaga√ß√£o_do_coronav√≠rus,direito_de_ir_e_vir,presidente_do_stf,recomenda√ß√£o_da_anvisa
235,passando para lembrar que o pa√≠s que gasta 63 milh√µes de reais por ano com aux√≠lio palet√≥ √© o mesmo em que os profissionais de sa√∫de est√£o usando saco pl√°stico como epi no enfrentamento do coronav√≠rus. https://t.co/prthfsdx0r,-1,profissionais_da_sa√∫de,enfrentamento,none,none
236,passei meus √∫ltimos dias compilando todas as medidas normativas tomadas pelo governo bolsonaro durante a crise do coronav√≠rus. foram 161 at√© hj. a lista mostra os detalhes mais importantes de cada uma e link para a publica√ß√£o original. atualiza√ß√£o di√°ria! https://t.co/3axdttsfdz https://t.co/yxrxpditsj,-1,medidas_normativas,governo_bolsonaro,crise_do_coronav√≠rus,none
237,pastor evang√©lico dos eua que desafiou regras de distanciamento social morre de covid-19 https://t.co/kd84ghxnrb #g1 https://t.co/fhvhacett6,-1,eua,distanciamento_social,morte,Covid-19
238,"pastor morre em ivaipor√£, sendo a primeira v√≠tima de coronav√≠rus . https://t.co/ichrl8sdcb https://t.co/qp9rhlv9yn",-1,v√≠tima,none,none,none
239,"patriota que √© patriota tem que abrir m√£o de tratamento contra o coronav√≠rus porque sabe que isso √© uma inven√ß√£o comunista, da globo e da folha de s√£o paulo! enviem essa mensagem adiante! somos o povo de deus! https://t.co/ulxb3cvabv",-1,tratamento_contra_coronav√≠rus,inven√ß√£o_comunista,none,none
240,"pela primeira vez, o brasil ultrapassou duzentas mortes por coronav√≠rus em apenas 24 horas. esse n√∫mero ainda n√£o √© o topo da curva e ir√° piorar. se puder, fique em casa. voc√™ pode impedir a propaga√ß√£o desse v√≠rus.#fiqueemcasa",-1,topo_da_curva,propaga√ß√£o,v√≠rus,none
241,pelo menos uma boa not√≠cia no meio de tudo isso: a medica que fazia propaganda de ‚Äúsoro da imunidade‚Äù contra coronav√≠rus no instagram vai ter q pagar multa de 18mil reais e suspens√£o profissional de 6 meses no conselho regional de medicina üòçüòçüòçhttps://t.co/qcgjsgu65e,-1,soro_de_imunidade,conselho_de_medicina,none,none
242,"pergunta, essa porra de coronav√≠rus, j√° matou algum pol√≠tico? j√° matou algum ministro do stf? filhos ,mulheres ou netos desses caras? que bosta de v√≠rus √© esse? seria pontual..",-1,v√≠rus,none,none,none
243,pessoal o google liberou relat√≥rios de mobilidade urbana e dados sobre os principais setores nesse cen√°rio de covid-19 em todos os pa√≠ses do mundo (divido por estados). assustador ver que nos eua a circula√ß√£o em parques aumentou em at√© 11%. https://t.co/5mdqqdmq1l #coronavirus,-1,google,mobilidade_urbana,eua,none
244,"petra costa quer reunir v√≠deos com depoimentos de pessoas em quarentena, como cada um vive a pandemia em sua casa.pronto, l√° vai ela fazer um document√°rio contando que todos os brasileiros foram mortos pelo coronav√≠rus, mas foram ressuscitados pelo lula",-1,petra_costa,pandemia,mortos,none
245,"pico do coronav√≠rus no brasil ser√° entre maio e junho, diz mandetta.faz assim, a gente deixa o pico em aberto, da√≠ quanto a gente atingir o pico, a gente dobra o pico. -dilma mandetta rousseff.",-1,pico_do_coronav√≠rus,brasil,mandetta,none
246,pilantras no brasil fizeram um estudo usando uma dose 3x maior que a recomendada e conclu√≠ram que a cloroquina n√£o √© segura para uso pois tem efeitos colaterais.https://t.co/x0pkfghdyf,-1,cloroquina,none,none,none
247,"A imprensa brasileira perdeu, para o coronav√≠rus, um dos maiores. Chega a ser ironia, 1 vez q a Band jura q n√£o recebeu dinheiro de 1 presidente que minimiza essa doen√ßa. O Brasil prede um grande comunicador mas, certamente, algu√©m saiu ganhando com esse governo genocida. https://t.co/5G0KA1nvzC",-1,governo_genoc√≠da,imprensa_brasileira,presidente,none
248,pol√≠cia do paran√° autua youtuber por disseminar fake news sobre coronav√≠rus https://t.co/z2zaardvhl,-1,fake_news,none,none,none
249,por que a imprensa brasileira esconde estes dados sobre coronav√≠rus? ser... https://t.co/nly1eno2mr via @youtube,-1,imprensa_brasileira,none,none,dados_sobre_coronav√≠rus
250,"precisamos nos cuidar, n√£o √© uma gripezinha. descanse em paz, tia, escreveu o deputado na legenda #meiahorahttps://t.co/acuxql4yue",-1,gripezinha,none,none,none
251,"prestem aten√ß√£o na discrep√¢ncia do custo de hospital de campanha do governo federal e outro de santa catarina. tenham por pressuposto que esses hospitais s√£o instala√ß√µes provis√≥rias, e ser√£o desmontados depois do #coronav√≠rus. https://t.co/fzuwbjsm4r",-1,hospital_de_campanha,governo_federal,santa_catarina,none
252,"q os defensores da oms t√™m a dizer agora? os m√©dicos da oms sabiam q o coronav√≠rus era transmiss√≠vel entre humanos, mas n√£o repassaram a informa√ß√£o ao mundo nem mesmo como orienta√ß√£o. simplesmente ignoraram e adotaram o discurso de q n√£o era transmiss√≠vel. https://t.co/jlgw2sb8fd",-1,oms,m√©dicos,none,none
253,qual foi pateta que garantiu que o v√≠rus j√° estava indo embora?https://t.co/bkw7efrdyh,-1,v√≠rus,none,none,none
254,"qualquer um com um m√≠nimo de experi√™ncia gerencial sabe que grandes e estrat√©gicas decis√µes como essa, em rela√ß√£o ao enfrentamento do coronav√≠rus, nunca s√£o simples de tomar e est√£o sujeitas √†s defici√™ncias humanas. e como‚Ä¶leia mais em: https://t.co/ocjvdlg44x",-1,enfrentamento_do_coronav√≠rus,none,none,none
255,"quando a hist√≥ria do coronavirus for contada, chamar√° a aten√ß√£o do mundo o gesto desumano dos eua de sair da oms no meio da hecatombe.",-1,hist√≥ria_do_coronav√≠rus,oms,eua,none
256,quando come√ßas a tossir sangue mas o sintoma do coronav√≠rus √© tosse seca https://t.co/fpwutofllu,-1,sintoma_do_coronav√≠rus,tosse_seca,none,none
257,"quarentena prolongada custar√° mais vidas, afirma o presidente da ag√™ncia espacial israelense. mas o coronav√≠rus adverte: fique em casa! t√° dando certo! todo mundo ficando maluco, doente, infeliz e sem dinheiro, enfim, popula√ß√µes esfaceladas e prontinhas p/ as pr√≥ximas epidemias!",-1,quarentena_prolongada,none,none,none
258,"quem poderia prever que chegaria o dia em que um governador autorit√°rio, chamado wilson witzel, proibiria os cariocas de frequentarem as praias, as missas, os cultos, o maracan√£, as pra√ßas e os bares? o coronav√≠rus est√° sendo usado para matar algo fundamental: a nossa liberdade.",-1,wilson_witzel ,none,none,none
259,quem vai assumir a culpa da lamban√ßa? cad√™ os m√©dicos de live e twitter? ===&gt,-1,m√©dicos,none,none,none
260,"quer dizer que o witzel pegou o coronav√≠rus..na moral, s√≥ d√° pra confiar se isso realmente √© verdade se ele mostrar o exame..esse fulano j√° mentiu tanto que uma mentira a mais ou a menos n√£o vai fazer diferen√ßa..porqu√™ ele falaria a verdade agora?e logo no dia da carreata..",-1,witzel,exame,none,none
261,rapaz ainda √© investigado por divulgar not√≠cias falsas em grupos de whatsapp. #odia https://t.co/oe20rfrwc3,-1,not√≠cias_falsas,none,none,none
262,"recebi, hoje, v√°rios casos de negativistas que morreram infectados por coronav√≠rus. gente que desdenhava desta epidemia. fiquei pensativo: como erramos tanto na educa√ß√£o brasileira para n√£o combater tanta ignor√¢ncia? vou escrever algo a respeito amanh√£",-1,infectados,epidemia,combater_a_ignor√¢ncia,none
263,"recorde de registros de √≥bitos por ‚Äúpneumonia‚Äù no brasil. atestados de √≥bito est√£o sendo dados √†s fam√≠lias dos mortos, como ‚Äúpneumonia‚Äù. mas profissionais de sa√∫de garantem ter sido por covid-19. s√£o muitos + mortos por coronav√≠rus do q dizem.quem est√° por tr√°s desse engodo?",-1,√≥bitos,brasil,profissionais_da_sa√∫de,Covid-19
264,"resolvi fazer um fio para juntar todos os #oportunistascovid num s√≥ lugar. enquanto o brasil j√° tem 23.430 infectados por #coronavirus e 1328 mortos, essas pessoas e empresas est√£o querendo lucrar com a crise. voc√™ tem exemplos? cola aqui!!! üëá eu come√ßo (+)",-1,infectados,mortos,crise,none
265,resultados preliminares apontaram riscos √† vida dos pacientes que receberam altas doses de cloroquina https://t.co/wkv9sluogf #coronav√≠rus,-1,pacientes,cloroquina,none,none
266,"revista veja conseguiu √°udio novo do queiroz, principal nome do esquema da rachadinha dos bolsonaro. ele fala sobre o coronav√≠rus e agradece com entusiasmo a um amigo misterioroso. ‚Äúeternamente grato‚Äù, inclusive pelos pr√©stimos √†s filhas. quem ser√°? confira o √°udio. https://t.co/8xleapavao",-1,esquema_d_rachadinha_dos_bolsonaro,none,none,none
267,roraima tem 39 militares da opera√ß√£o acolhida infectados com coronav√≠rus https://t.co/2kml144wrc,-1,roraima,infectados,none,none
268,"secret√°rio de sa√∫de do cear√° prev√™ 250 mortes por dia em fortaleza a partir de maio.diz q o sistema de sa√∫de j√° calapsou e com o isso a nossa taxa de mortalidade deve saltar de 5,35 pra 10%s√≥ temos 5 dias de estoque de epis para profissionais de sa√∫dehttps://t.co/75efyabo7f",-1,secret√°rio_da_sa√∫de,mortes,sistema_de_sa√∫de,taxa_de_mortalidade
269,"segundo o l√≠der militar americano o peso da evid√™ncia aponta pra origem natural do coronav√≠rus: https://t.co/88eyecrllk o que n√£o quer dizer que vai ser poss√≠vel saber sua origem, com a china restringindo pesquisa e publica√ß√£o sobre isso: https://t.co/f7qxswwnl8",-1,l√≠der_militar_americano,origem_natural_do_cornav√≠rus,china,none
270,"seja, inclusive, decisiva para reverter o cen√°rio apocal√≠ptico previsto para as pr√≥ximas semanas e mudar o curso deste rio.o fato √© que, desde o come√ßo, o coronav√≠rus foi usado politicamente. portanto, para muitos agentes pol√≠ticos (tanto os que militam em partidos, quanto os",-1,coronav√≠rus_foi_usado_politicamente,none,none,none
271,"sem aulas presenciais por conta da pandemia do coronav√≠rus, estudantes que n√£o t√™m internet em casa est√£o sem acesso a videoaulas. e, com o enem mantido para novembro, muitos veem desigualdade na prepara√ß√£o para as provas. leia a reportagem ‚ûú https://t.co/rvl93lzkas https://t.co/gfq4qq8bs7",-1,sem_aulas_presenciais,none,none,none
272,s√≥ mesmo o corona p conseguir liberar a fab das garras de maia antes com uma m√©dia de uma viagem a cada 2 dias. hoje completa 1 m√™s sem usar jatinhos mas n√£o podemos subestimar o poder de maia em sangrar os cofres do pa√≠shttps://t.co/xo7ewa7yui,-1,corona,none,none,none
273,"s√≥ um del√≠rio meu a√≠ na casa de voc√™s tamb√©m passou um √°udio de um cara falando aten√ß√£o pelotas, n√£o vamos desistir por n√∫meros tr√°gicos que ocorreram em outros pa√≠ses, quase 40 mil pessoas j√° morreram contaminadas pelo coronavirus para isso nao acontecer aqui √© preciso...?",-1,contaminados,none,none,none
274,"sobre o debate da letalidade do h1n1 x coronav√≠rus apresento a revis√£o mais consistente de trabalhos cient√≠ficos publicados sobre o assunto, mostrando que a letalidade do h1n1 pode ser muito maior do que admite a oms. https://t.co/ued5t9w9qr",-1,h1n1,oms,none,none
275,"sp luta tamb√©m contra um v√≠rus t√£o letal quanto o corona: o feminic√≠dio em tempos de quarentena da pandemia. de 13 de abril at√© hoje 16 mulheres foram assassinadas. no acumulado do ano s√£o 55 v√≠timas, dentro de suas pr√≥prias casas. uma vergonha nacional. https://t.co/8cubab0odz",-1,sp,v√≠rus,feminic√≠dio,quarentena_da_pandemia
276,sp: 15% dos internados por coronav√≠rus n√£o sobrevivem √† doen√ßa. https://t.co/qjqdwlz9x1,-1,internado,none,none,none
277,sua arminha n√£o mata coronav√≠rus. Seu √≥dio n√£o constr√≥i uma sociedade melhor. sua ignor√¢ncia faz com que a sa√∫de da coletividade seja posta em risco. seu voto colocou no poder milicianos a servi√ßo do capital. nossas vidas est√£o sob amea√ßa!,-1,sa√∫de,none,none,none
278,"tem algo muito errado em pernambuco! um, em cada 3 infectados por coronav√≠rus √© profissional da sa√∫de.o n¬∞ de infectados no estado √© um dos mais altos do pa√≠s, mesmo com tudo fechado, prova de que quarentena horizontal n√£o funciona. ou ser√° que falta epi‚Äôs nos hospitais? https://t.co/wzj28bgdbc",-1,infectados,quarentena_horizontal,hospitais,none
279,todo mundo sabe q a hidroxicloroquina ajudou a recuperar numerosos infectados pelo coronavirus. algu√©m a√≠ sabe de algum infectado que tenha morrido em consequ√™ncia de efeitos colaterais do uso correto do medicamento?,-1,hidroxicloroquina,infectados,efeitos_colaterais,none
280,Por que faltam recursos para respiradores e EPIs nos hospitais?  Relat√≥rio lan√ßado hoje conclui que as medidas de austeridade implementadas desde 2015 pelo gov. federal  deixaram o Brasil ‚Äúcom baixa imunidade‚Äù para enfrentar a pandemia da Covid-19.\n\nBaixe! https://t.co/QywY7R8K4v https://t.co/j2G3XZTwuG',-1,respiradores,EPIs,medidas_de_austeridade,brasil
281,um bi√≥logo-cientista-pesquisador que outro dia previu um milh√£o de mortos por coronav√≠rus no brasil agora t√° cravando que a quarentena vai at√© 2022. apaporra!,-1,mortos,brasil,none,none
282,"um dos momentos mais impactantes da pandemia, para mim, foi quando hospitais superlotados come√ßaram a despachar de trem pacientes em coma para outras regi√µes da fran√ßa, onde ainda havia leitos. o monde fez um registro fotogr√°fico desses traslados. https://t.co/vmzf4ypn7g",-1,pandemia,hospitais,pacientes_em_coma,leitos
283,um estudo feito no amazonas apontou fortes efeitos colaterais causados por altas doses de cloroquina para tratamento do coronav√≠rus. a pesquisa foi interrompida por quest√£o de seguran√ßa. #borabrasil #bandjornalismo https://t.co/9hompzav4z,-1,efeitos_colaterais,cloroquina,tratamento,none
284,"uma pesquisa de opini√£o p√∫blica nacional divulgada pelo instituto paran√° pesquisas indica que a popula√ß√£o brasileira acredita que o presidente, @jairbolsonaro, n√£o est√° gerindo a crise do coronav√≠rus de forma adequada.ü§îo que voc√™ acha?#euapoiobolsonaro #bolsonarotemrazao",-1,jair_bolsonaro,crise_do_coronav√≠rus,none,none
285,urgente: o presidente americano @realdonaldtrump instruiu sua administra√ß√£o a suspender o financiamento da oms (@who) enquanto os eua investigam a organiza√ß√£o por grave improbidade e acobertamento da dissemina√ß√£o do coronav√≠rus!atitude corret√≠ssima! üáßüá∑ü§ùüá∫üá∏,-1,presidente_americano,finacinaciamento_da_oms,none,none
286,"veja, √†s 8h30, no #bomdiabrasil: o brasil teve o maior n√∫mero de mortes pelo novo coronav√≠rus em 24 horas: mais de 200. a pandemia fez v√≠timas em todos os estados. em s√£o paulo, o n√∫mero de pacientes internados pela covid-19 bateu recorde. https://t.co/zaw0gk3hox",-1,mortes,pandemia,v√≠timas_em_todos_os_estados,pacientes_internados
287,"vejam que interessante. confirmando o que repetimos sem parar : estudo israelense sugere que lockdown (bloqueio) n√£o afeta ciclo do coronav√≠rus, diz presidente da ag√™ncia espacial israelense https://t.co/z8npnkvavl",-1,lockdown,estudo_israelense,ciclo_do_coronav√≠rus,none
288,"v√≠tima de covid-19, homem era contra isolamento e n√£o acreditava em coronav√≠rus - expresso am ! mais um pra conta do mito , esse gado foi acreditar no que o mito dele falou e se ferrou ! https://t.co/jqgbzxixut",-1,v√≠tima,isolamento,none,none
289,vivi para ver brasileiro fazendo meme sobre o coronavirus e sua pouca letalidade. seria legal se n√£o tiv√©ssemos tantos mortos. ontem mais de 200. somos um povo sem no√ß√£o nenhuma...,-1,letalidade,mortos,none,none
290,"voc√™s pediram mais detalhes, certo? veja a√≠ o novo formato de boletim sobre casos de coronav√≠rus cidade! com n√∫mero de recuperados e outros dados sobre cont√°gio do coronav√≠rus em maring√° #rt https://t.co/yjm8gdb5qv",-1,casos_de_coronav√≠rus,n√∫mero_de_recuperados,cont√°gio_do_coronav√≠rus,maring√°
291,"voltar com o futebol no epicentro da pandemia do coronav√≠rus no pa√≠s, √© desumanizar um esporte que precisa de centenas de pessoas para que uma √∫nica partida aconte√ßa. #pressfut #acasadofutebolhttps://t.co/b9vkcdipks",-1,futebol_na_pandemia,epicentro_da_pandemia,none,none
292,"weintraub, fora dos holofotes na crise do coronav√≠rus, ganhou um pouco de luz hoje: a pgr pede que ele seja investigado no stf por crime de racismo contra os chineses. https://t.co/7hju3meihg",-1,crime_de_racismo_contra_chineses,none,none,none
293,"youtuber √© indiciado por divulgar not√≠cias falsas e receitas caseiras com promessa de prote√ß√£o contra o coronav√≠rus, diz pol√≠cia https://t.co/3gjvg5eory #g1 https://t.co/gchetoidf7",-1,not√≠cias_falsas,prote√ß√£o_contra_coronav√≠rus,none,none
294,"Fico muito triste ao ler que j√° s√£o 15 motoristas de √¥nibus da cidade de SP que morreram pela covid-19, sem que governo e empresas dessem a prote√ß√£o necess√°ria. J√° os fascistas fazem carreata pedindo a volta ao trabalho de seus pe√µes para seguir acumulando lucros sobre cad√°veres'",-1,Covid-19,governo,facistas,acumulando_lucros_sobre_cad√°veres
295,"bolsonaro abra√ßa os eleitores, d√° a m√£o pras pessoas, vai na padaria, vai na farmacia: 3 testes negativos pro coronav√≠rus.  wilson witzel quarentena, lockdown, isolamento total, m√°scara, √°lcool em gel: pegou coronav√≠rus . Parece que o jogo virou, queridinho!",-1,bolsonaro,testes_negativos,quarentena,lockdown
296,"meu deus eu vejo cada coment√°rio no facebook em quest√£o do covid-19, gente s√©rio o pessoal s√≥ vai come√ßar a se importar quando se algu√©m da fam√≠lia pq olha gente √© um coment√°rio mais rid√≠culo que o outro",-1,Covid-19,none,none,none
297,"Curioso. Recebo cr√≠ticas por prever menos mortes d Covid-19 e nada falam daqueles q fizeram previs√µes catastr√≥ficas como @oatila, 1 milh√£o de mortos e @TheInterceptBr, 440 mil! Numero exato sempre √© dif√≠cil, mas minha margem d erro ser√° infinitamente menor q a deles. https://t.co/YDmvQnt52y'}",-1,mortes_de_covid-19,none,none,none
298,"A SITUA√á√ÉO √â GRAVE!üî¥ Hj no Brasil temos 4.543 v√≠timas da Covid-19. A China est√° com 4.642, ou seja, em 24 hs podemos ultrapassar o n¬∫ de mortes da China. Na pr√≥xima quarta, vamos ouvir o ministro Teich sobre a paralisia que vivemos em rela√ß√£o a testes,  EPI's e respiradores. https://t.co/CPu0NWoqXR",-1,v√≠timas,china,mortes,testes
299,Grafites de Banksy sobre coronav√≠rus s√£o removidos do metr√¥ de Londres https://t.co/6YewWI6wn2,-1,,,,
300,ONU alerta que 265 milh√µes de pessoas correm o risco de morrerem √† fome https://t.co/y2FYpedbyf,-1,,,,
